{
    "rmse": 0.8045409260999259,
    "mae": 0.657647328689586,
    "r2": 0.009517523853913246
}